,TEAM,ADJOE,ADJDE,EFG_O,EFG_D,TOR,TORD,ORB,DRB,FTR,FTRD,2P_O,2P_D,3P_O,3P_D,ADJ_T,playoffs_binary,CONF_A10,CONF_ACC,CONF_AE,CONF_ASun,CONF_Amer,CONF_B10,CONF_B12,CONF_BE,CONF_BSky,CONF_BSth,CONF_BW,CONF_CAA,CONF_CUSA,CONF_Horz,CONF_Ivy,CONF_MAAC,CONF_MAC,CONF_MEAC,CONF_MVC,CONF_MWC,CONF_NEC,CONF_OVC,CONF_P12,CONF_Pat,CONF_SB,CONF_SC,CONF_SEC,CONF_SWAC,CONF_Slnd,CONF_Sum,CONF_WAC,CONF_WCC,CONF_ind,OpEx,OpRev
0,Virginia 2019,123.0,89.9,55.2,44.7,14.7,17.5,30.4,25.4,29.1,26.3,52.5,45.7,39.5,28.9,60.7,1,0,1,0,0,0,0,0,0,0,0,0,0,0,0,0,0,0,0,0,0,0,0,0,0,0,0,0,0,0,0,0,0,0,13764636,13200301
1,North Carolina 2019,120.1,91.4,52.9,48.9,17.2,18.3,35.3,22.8,30.2,28.4,52.1,47.9,36.2,33.5,76.0,1,0,1,0,0,0,0,0,0,0,0,0,0,0,0,0,0,0,0,0,0,0,0,0,0,0,0,0,0,0,0,0,0,0,11307115,27185676
2,Michigan 2019,114.6,85.6,51.6,44.1,13.9,18.0,24.7,24.8,27.5,24.1,51.8,44.3,34.2,29.1,65.9,1,0,0,0,0,0,1,0,0,0,0,0,0,0,0,0,0,0,0,0,0,0,0,0,0,0,0,0,0,0,0,0,0,0,9874360,21114322
3,Kentucky 2019,117.5,89.8,53.0,46.6,18.6,17.9,36.8,25.5,41.9,26.8,52.9,43.6,35.4,34.3,66.9,1,0,0,0,0,0,0,0,0,0,0,0,0,0,0,0,0,0,0,0,0,0,0,0,0,0,0,1,0,0,0,0,0,0,19731734,38829661
4,Tennessee 2019,122.8,95.2,55.3,48.1,15.8,18.0,31.6,30.2,33.3,34.9,55.4,44.7,36.7,35.4,68.8,1,0,0,0,0,0,0,0,0,0,0,0,0,0,0,0,0,0,0,0,0,0,0,0,0,0,0,1,0,0,0,0,0,0,13821147,17600763
5,Texas Tech 2019,115.2,85.2,53.5,43.0,17.7,22.8,27.4,28.7,32.9,36.6,52.8,41.9,36.5,29.7,67.5,1,0,0,0,0,0,0,1,0,0,0,0,0,0,0,0,0,0,0,0,0,0,0,0,0,0,0,0,0,0,0,0,0,0,12607305,12742899
6,Purdue 2019,122.8,94.3,53.6,49.0,15.8,18.6,34.5,27.0,29.9,31.7,51.5,47.2,37.4,34.2,67.0,1,0,0,0,0,0,1,0,0,0,0,0,0,0,0,0,0,0,0,0,0,0,0,0,0,0,0,0,0,0,0,0,0,0,9604624,18017191
7,Houston 2019,115.7,90.5,52.1,42.5,16.5,18.2,34.4,26.0,31.6,37.3,51.3,43.0,35.5,27.9,67.3,1,0,0,0,0,1,0,0,0,0,0,0,0,0,0,0,0,0,0,0,0,0,0,0,0,0,0,0,0,0,0,0,0,0,9219797,1532525
8,LSU 2019,117.9,96.6,51.2,49.9,17.9,20.1,36.7,30.8,37.1,33.1,52.9,49.4,31.9,33.7,71.2,1,0,0,0,0,0,0,0,0,0,0,0,0,0,0,0,0,0,0,0,0,0,0,0,0,0,0,1,0,0,0,0,0,0,9512515,9965537
9,Virginia Tech 2019,117.8,93.4,55.6,49.0,17.3,21.6,29.6,27.2,31.9,26.3,52.9,49.0,39.4,32.7,65.1,1,0,1,0,0,0,0,0,0,0,0,0,0,0,0,0,0,0,0,0,0,0,0,0,0,0,0,0,0,0,0,0,0,0,9692567,11780790
10,Kansas 2019,112.9,92.4,52.6,47.8,18.8,18.2,30.1,27.9,32.5,27.8,52.6,46.0,35.0,33.6,71.5,1,0,0,0,0,0,0,1,0,0,0,0,0,0,0,0,0,0,0,0,0,0,0,0,0,0,0,0,0,0,0,0,0,0,12576038,18923740
11,Auburn 2019,121.3,95.2,54.4,51.7,16.8,24.6,31.6,32.8,30.9,36.4,51.7,51.4,38.1,34.8,69.3,1,0,0,0,0,0,0,0,0,0,0,0,0,0,0,0,0,0,0,0,0,0,0,0,0,0,0,1,0,0,0,0,0,0,10536654,15593947
12,Wisconsin 2019,108.2,88.6,51.1,45.2,14.6,17.2,24.5,26.5,27.3,25.8,49.7,44.1,35.9,31.5,65.0,1,0,0,0,0,0,1,0,0,0,0,0,0,0,0,0,0,0,0,0,0,0,0,0,0,0,0,0,0,0,0,0,0,0,8572032,21701869
13,Maryland 2019,111.6,93.3,51.4,45.9,19.4,14.1,34.1,24.8,32.8,26.6,50.8,44.7,34.9,31.9,67.7,1,0,0,0,0,0,1,0,0,0,0,0,0,0,0,0,0,0,0,0,0,0,0,0,0,0,0,0,0,0,0,0,0,0,9163793,14059425
14,Buffalo 2019,113.6,95.3,53.4,47.3,16.0,20.3,31.7,26.9,32.7,31.9,55.7,49.3,33.7,29.3,74.9,1,0,0,0,0,0,0,0,0,0,0,0,0,0,0,0,0,1,0,0,0,0,0,0,0,0,0,0,0,0,0,0,0,0,3796708,3796710
15,Louisville 2019,112.9,93.1,50.9,46.7,17.5,16.1,29.1,25.9,34.9,32.0,50.6,46.0,34.2,32.0,68.6,1,0,1,0,0,0,0,0,0,0,0,0,0,0,0,0,0,0,0,0,0,0,0,0,0,0,0,0,0,0,0,0,0,0,19029267,42759248
16,Cincinnati 2019,112.3,93.8,49.0,48.6,16.0,20.9,37.4,29.3,37.6,30.5,47.6,45.1,34.5,35.5,65.0,1,0,0,0,0,1,0,0,0,0,0,0,0,0,0,0,0,0,0,0,0,0,0,0,0,0,0,0,0,0,0,0,0,0,7653810,7137270
17,Nevada 2019,112.5,95.9,53.7,47.7,14.6,19.2,27.2,24.9,40.8,28.0,54.9,46.3,34.7,33.2,70.8,1,0,0,0,0,0,0,0,0,0,0,0,0,0,0,0,0,0,0,0,1,0,0,0,0,0,0,0,0,0,0,0,0,0,4706010,8539770
18,UCF 2019,112.7,93.3,52.9,45.4,17.6,18.0,29.5,29.6,45.3,29.2,52.0,44.5,36.5,31.3,66.4,1,0,0,0,0,1,0,0,0,0,0,0,0,0,0,0,0,0,0,0,0,0,0,0,0,0,0,0,0,0,0,0,0,0,5109134,3944659
19,Oklahoma 2019,110.5,93.1,50.4,47.5,17.0,17.3,25.8,27.8,31.3,23.1,49.7,45.8,34.6,33.3,70.3,1,0,0,0,0,0,0,1,0,0,0,0,0,0,0,0,0,0,0,0,0,0,0,0,0,0,0,0,0,0,0,0,0,0,10062964,10619283
20,Washington 2019,105.6,93.1,52.1,47.5,19.8,24.2,29.1,34.9,34.7,34.0,51.9,46.0,35.0,33.4,67.3,1,0,0,0,0,0,0,0,0,0,0,0,0,0,0,0,0,0,0,0,0,0,0,1,0,0,0,0,0,0,0,0,0,0,9224123,11409380
21,Florida 2019,110.3,91.6,49.8,48.1,17.9,22.4,30.6,32.2,29.9,33.6,49.5,48.5,33.4,31.6,64.3,1,0,0,0,0,0,0,0,0,0,0,0,0,0,0,0,0,0,0,0,0,0,0,0,0,0,0,1,0,0,0,0,0,0,9717387,12172678
22,Iowa 2019,116.1,100.6,52.7,51.5,17.2,18.4,29.8,29.4,42.3,28.8,51.4,53.5,36.4,32.4,70.9,1,0,0,0,0,0,1,0,0,0,0,0,0,0,0,0,0,0,0,0,0,0,0,0,0,0,0,0,0,0,0,0,0,0,8439677,12463007
23,Minnesota 2019,110.4,96.3,48.2,49.5,17.1,16.9,31.4,28.4,41.6,28.2,48.5,48.7,31.7,34.0,68.8,1,0,0,0,0,0,1,0,0,0,0,0,0,0,0,0,0,0,0,0,0,0,0,0,0,0,0,0,0,0,0,0,0,0,9119638,18808666
24,Oregon 2019,108.1,91.7,52.0,46.4,17.8,20.9,29.6,28.8,29.4,33.9,51.6,48.8,35.1,29.0,65.4,1,0,0,0,0,0,0,0,0,0,0,0,0,0,0,0,0,0,0,0,0,0,0,1,0,0,0,0,0,0,0,0,0,0,10348630,10918130
25,Old Dominion 2019,99.3,94.6,47.2,45.6,17.8,18.5,32.1,24.8,28.9,32.4,44.1,43.5,34.9,32.4,65.9,1,0,0,0,0,0,0,0,0,0,0,0,0,1,0,0,0,0,0,0,0,0,0,0,0,0,0,0,0,0,0,0,0,0,3953002,2893763
26,Texas 2019,113.3,93.7,50.9,48.7,16.2,18.9,28.1,29.5,29.7,29.7,49.8,46.2,34.8,35.4,66.1,0,0,0,0,0,0,0,1,0,0,0,0,0,0,0,0,0,0,0,0,0,0,0,0,0,0,0,0,0,0,0,0,0,0,11449423,16707533
27,Clemson 2019,107.2,90.3,50.7,47.6,19.7,19.8,27.8,24.5,33.5,30.0,51.5,44.4,32.8,35.0,67.4,0,0,1,0,0,0,0,0,0,0,0,0,0,0,0,0,0,0,0,0,0,0,0,0,0,0,0,0,0,0,0,0,0,0,8245384,10100379
28,Nebraska 2019,112.5,98.1,49.2,48.1,14.3,19.3,28.5,32.1,33.0,30.0,48.6,46.9,33.4,33.8,68.0,0,0,0,0,0,0,1,0,0,0,0,0,0,0,0,0,0,0,0,0,0,0,0,0,0,0,0,0,0,0,0,0,0,0,9387456,15249679
29,Arkansas 2019,109.3,96.7,51.0,49.4,18.3,22.5,28.3,34.8,38.4,41.7,50.6,48.9,34.5,33.3,71.9,0,0,0,0,0,0,0,0,0,0,0,0,0,0,0,0,0,0,0,0,0,0,0,0,0,0,0,1,0,0,0,0,0,0,10440326,21343281
30,Indiana 2019,107.5,95.2,51.0,48.2,17.9,18.1,28.1,28.1,34.6,29.2,53.1,47.3,31.2,33.1,68.5,0,0,0,0,0,0,1,0,0,0,0,0,0,0,0,0,0,0,0,0,0,0,0,0,0,0,0,0,0,0,0,0,0,0,13366254,27374575
31,Missouri 2019,107.3,95.0,50.5,49.4,21.0,18.1,31.9,25.7,29.8,38.1,47.6,50.6,36.3,31.9,66.1,0,0,0,0,0,0,0,0,0,0,0,0,0,0,0,0,0,0,0,0,0,0,0,0,0,0,0,1,0,0,0,0,0,0,8255259,12586990
32,Memphis 2019,108.1,96.0,51.0,48.6,19.8,21.3,33.4,30.9,37.3,37.5,52.5,48.9,32.2,32.2,75.7,0,0,0,0,0,1,0,0,0,0,0,0,0,0,0,0,0,0,0,0,0,0,0,0,0,0,0,0,0,0,0,0,0,0,9908631,6742393
33,Alabama 2019,107.4,95.6,50.3,48.9,19.5,16.9,31.5,28.0,38.0,29.6,49.9,48.5,34.0,33.3,70.1,0,0,0,0,0,0,0,0,0,0,0,0,0,0,0,0,0,0,0,0,0,0,0,0,0,0,0,1,0,0,0,0,0,0,15966875,16208796
34,South Carolina 2019,107.8,96.3,48.3,49.5,19.2,20.3,31.8,31.1,36.2,39.6,44.9,48.2,36.5,34.2,71.8,0,0,0,0,0,0,0,0,0,0,0,0,0,0,0,0,0,0,0,0,0,0,0,0,0,0,0,1,0,0,0,0,0,0,8561964,11093660
35,Toledo 2019,108.6,97.8,53.2,46.8,17.4,15.4,28.1,25.7,26.1,26.8,50.4,46.6,38.0,31.5,69.0,0,0,0,0,0,0,0,0,0,0,0,0,0,0,0,0,0,1,0,0,0,0,0,0,0,0,0,0,0,0,0,0,0,0,2694919,668863
36,Illinois 2019,109.7,99.1,49.6,52.2,18.4,21.8,29.1,31.9,29.5,42.4,48.2,53.6,34.5,33.0,71.9,0,0,0,0,0,0,1,0,0,0,0,0,0,0,0,0,0,0,0,0,0,0,0,0,0,0,0,0,0,0,0,0,0,0,10480942,21171196
37,Colorado 2019,105.8,95.7,51.0,48.4,19.1,17.4,30.7,23.6,37.2,31.1,52.3,48.8,32.3,31.8,69.5,0,0,0,0,0,0,0,0,0,0,0,0,0,0,0,0,0,0,0,0,0,0,0,1,0,0,0,0,0,0,0,0,0,0,7252985,9420350
38,Rutgers 2019,104.9,96.1,47.0,49.2,19.1,17.4,33.4,27.0,31.7,32.4,47.2,47.0,31.2,35.3,69.0,0,0,0,0,0,0,1,0,0,0,0,0,0,0,0,0,0,0,0,0,0,0,0,0,0,0,0,0,0,0,0,0,0,0,7666729,3052626
39,Texas A&M 2019,106.4,98.3,49.3,49.3,20.0,18.5,32.7,32.5,34.2,27.0,51.0,49.1,30.8,33.1,69.0,0,0,0,0,0,0,0,0,0,0,0,0,0,0,0,0,0,0,0,0,0,0,0,0,0,0,0,1,0,0,0,0,0,0,11818857,12349705
40,West Virginia 2019,108.8,100.7,47.5,52.4,21.3,18.5,36.9,28.7,38.9,38.0,47.6,51.3,31.6,36.1,71.9,0,0,0,0,0,0,0,1,0,0,0,0,0,0,0,0,0,0,0,0,0,0,0,0,0,0,0,0,0,0,0,0,0,0,11152978,6090611
41,Utah 2019,113.9,106.4,55.0,52.3,19.2,14.7,31.0,27.1,35.5,32.5,54.6,51.7,37.0,35.6,67.6,0,0,0,0,0,0,0,0,0,0,0,0,0,0,0,0,0,0,0,0,0,0,0,1,0,0,0,0,0,0,0,0,0,0,9214550,10744981
42,Georgia Southern 2019,107.3,100.3,54.3,51.4,18.6,20.0,27.4,28.7,35.0,31.3,56.8,51.7,32.4,34.0,74.8,0,0,0,0,0,0,0,0,0,0,0,0,0,0,0,0,0,0,0,0,0,0,0,0,0,1,0,0,0,0,0,0,0,0,1646554,571572
43,UCLA 2019,108.2,101.3,52.0,49.6,19.0,15.1,30.8,27.1,38.2,27.6,51.4,47.9,35.5,34.7,74.0,0,0,0,0,0,0,0,0,0,0,0,0,0,0,0,0,0,0,0,0,0,0,0,1,0,0,0,0,0,0,0,0,0,0,15468379,11959355
44,Arizona 2019,104.0,97.4,49.0,50.9,16.7,20.3,28.4,25.9,33.3,35.0,48.1,51.9,33.6,32.9,68.3,0,0,0,0,0,0,0,0,0,0,0,0,0,0,0,0,0,0,0,0,0,0,0,1,0,0,0,0,0,0,0,0,0,0,10771475,22793125
45,Connecticut 2019,107.8,101.0,51.0,49.6,18.5,20.0,32.3,30.2,32.7,39.2,50.7,49.2,34.4,33.5,70.4,0,0,0,0,0,1,0,0,0,0,0,0,0,0,0,0,0,0,0,0,0,0,0,0,0,0,0,0,0,0,0,0,0,0,9892764,6028141
46,South Florida 2019,101.8,95.4,49.1,48.4,22.6,21.9,36.3,26.8,48.1,43.1,48.5,48.2,33.3,32.5,68.6,0,0,0,0,0,1,0,0,0,0,0,0,0,0,0,0,0,0,0,0,0,0,0,0,0,0,0,0,0,0,0,0,0,0,4926468,2855922
47,Akron 2019,98.4,92.9,48.2,45.5,17.3,19.1,25.1,29.9,27.7,30.6,48.8,46.1,31.7,29.6,67.5,0,0,0,0,0,0,0,0,0,0,0,0,0,0,0,0,0,1,0,0,0,0,0,0,0,0,0,0,0,0,0,0,0,0,3054013,470627
48,Bowling Green 2019,107.5,102.0,50.5,50.8,16.6,17.8,30.7,24.8,34.9,31.1,48.8,50.0,35.8,34.6,71.5,0,0,0,0,0,0,0,0,0,0,0,0,0,0,0,0,0,1,0,0,0,0,0,0,0,0,0,0,0,0,0,0,0,0,2539991,1294345
49,Georgia 2019,105.0,100.0,50.1,48.5,22.5,15.5,32.7,31.0,41.3,29.9,51.1,47.8,32.2,33.2,70.2,0,0,0,0,0,0,0,0,0,0,0,0,0,0,0,0,0,0,0,0,0,0,0,0,0,0,0,1,0,0,0,0,0,0,7756002,10693803
50,Western Kentucky 2019,103.9,99.5,49.9,48.9,19.6,18.5,29.6,28.1,37.9,25.6,50.2,47.0,32.7,34.5,69.2,0,0,0,0,0,0,0,0,0,0,0,0,0,1,0,0,0,0,0,0,0,0,0,0,0,0,0,0,0,0,0,0,0,0,3622159,3622159
51,Georgia Tech 2019,99.9,95.7,49.2,45.7,21.0,18.7,25.3,31.6,34.3,34.8,50.7,46.3,30.7,29.7,68.5,0,0,1,0,0,0,0,0,0,0,0,0,0,0,0,0,0,0,0,0,0,0,0,0,0,0,0,0,0,0,0,0,0,0,7325493,7957408
52,Central Michigan 2019,109.2,105.3,51.4,50.1,16.2,18.7,31.0,33.1,40.0,28.8,48.9,53.6,36.9,29.3,72.4,0,0,0,0,0,0,0,0,0,0,0,0,0,0,0,0,0,1,0,0,0,0,0,0,0,0,0,0,0,0,0,0,0,0,2256795,393875
53,UTSA 2019,104.7,101.6,49.5,49.5,16.4,18.1,26.1,28.4,26.2,35.6,48.0,50.0,34.3,32.5,73.3,0,0,0,0,0,0,0,0,0,0,0,0,0,1,0,0,0,0,0,0,0,0,0,0,0,0,0,0,0,0,0,0,0,0,2312004,632764
54,Coastal Carolina 2019,106.4,104.2,51.8,51.0,19.6,18.0,32.7,28.6,39.4,42.3,49.4,53.1,37.0,32.3,70.9,0,0,0,0,0,0,0,0,0,0,0,0,0,0,0,0,0,0,0,0,0,0,0,0,0,1,0,0,0,0,0,0,0,0,2765347,2765347
55,Northern Illinois 2019,106.6,104.8,52.6,51.9,17.2,17.9,27.2,26.7,26.5,39.1,51.6,50.0,36.5,36.1,67.3,0,0,0,0,0,0,0,0,0,0,0,0,0,0,0,0,0,1,0,0,0,0,0,0,0,0,0,0,0,0,0,0,0,0,1893803,590143
56,Louisiana Tech 2019,103.3,102.1,49.8,49.3,17.0,19.2,29.4,28.8,35.9,30.2,49.3,49.1,33.7,33.0,67.0,0,0,0,0,0,0,0,0,0,0,0,0,0,1,0,0,0,0,0,0,0,0,0,0,0,0,0,0,0,0,0,0,0,0,2513651,2524073
57,UAB 2019,106.2,105.1,50.4,49.4,16.8,17.9,30.6,26.2,31.8,31.6,51.3,48.1,32.6,33.9,66.4,0,0,0,0,0,0,0,0,0,0,0,0,0,1,0,0,0,0,0,0,0,0,0,0,0,0,0,0,0,0,0,0,0,0,3533943,3628668
58,Eastern Michigan 2019,101.4,101.5,48.5,50.8,20.8,20.1,34.3,34.9,33.9,32.0,50.5,50.4,29.9,34.2,64.4,0,0,0,0,0,0,0,0,0,0,0,0,0,0,0,0,0,1,0,0,0,0,0,0,0,0,0,0,0,0,0,0,0,0,2170870,2170870
59,North Texas 2019,97.4,97.6,49.2,47.4,20.1,19.8,30.7,24.4,27.7,37.7,50.5,46.4,31.7,32.8,66.9,0,0,0,0,0,0,0,0,0,0,0,0,0,1,0,0,0,0,0,0,0,0,0,0,0,0,0,0,0,0,0,0,0,0,2847661,397940
60,Marshall 2019,105.5,106.0,51.9,52.0,15.9,20.8,22.9,32.3,30.5,32.4,52.3,51.4,34.2,35.5,75.7,0,0,0,0,0,0,0,0,0,0,0,0,0,1,0,0,0,0,0,0,0,0,0,0,0,0,0,0,0,0,0,0,0,0,3169061,3110866
61,UNLV 2019,104.5,105.3,49.5,51.0,18.6,17.6,35.5,27.7,34.9,31.6,48.8,49.7,33.7,35.7,69.1,0,0,0,0,0,0,0,0,0,0,0,0,0,0,0,0,0,0,0,0,1,0,0,0,0,0,0,0,0,0,0,0,0,0,6224313,7368697
62,Ohio 2019,98.4,100.5,48.6,50.8,20.0,18.5,28.2,27.4,33.2,31.2,50.7,48.9,29.7,35.9,70.8,0,0,0,0,0,0,0,0,0,0,0,0,0,0,0,0,0,1,0,0,0,0,0,0,0,0,0,0,0,0,0,0,0,0,3643824,2855414
63,New Mexico 2019,102.6,104.8,49.5,51.6,19.4,18.3,29.3,28.6,39.3,37.1,47.8,50.8,34.4,35.5,74.1,0,0,0,0,0,0,0,0,0,0,0,0,0,0,0,0,0,0,0,0,1,0,0,0,0,0,0,0,0,0,0,0,0,0,4229611,3739167
64,FIU 2019,101.4,105.1,48.9,53.1,17.7,23.4,25.7,34.4,37.9,35.4,52.2,53.6,29.3,34.8,79.1,0,0,0,0,0,0,0,0,0,0,0,0,0,1,0,0,0,0,0,0,0,0,0,0,0,0,0,0,0,0,0,0,0,0,2029045,728298
65,South Alabama 2019,102.8,106.6,52.9,52.1,19.5,19.7,25.5,31.9,35.1,36.6,51.1,51.3,37.0,35.6,67.7,0,0,0,0,0,0,0,0,0,0,0,0,0,0,0,0,0,0,0,0,0,0,0,0,0,1,0,0,0,0,0,0,0,0,2120082,2321956
66,California 2019,102.9,106.9,48.6,56.9,16.5,20.5,23.3,31.4,34.8,36.1,46.5,56.7,35.0,38.1,68.0,0,0,0,0,0,0,0,0,0,0,0,0,0,0,0,0,0,0,0,0,0,0,0,1,0,0,0,0,0,0,0,0,0,0,6327940,7840731
67,Massachusetts 2019,102.6,108.6,51.1,51.2,20.2,16.8,31.5,27.1,31.3,41.4,50.2,50.6,35.0,35.0,69.0,0,1,0,0,0,0,0,0,0,0,0,0,0,0,0,0,0,0,0,0,0,0,0,0,0,0,0,0,0,0,0,0,0,0,4025395,698975
68,Air Force 2019,99.7,106.1,51.3,53.6,19.3,17.8,23.2,24.1,28.3,28.6,53.1,53.6,32.3,35.7,67.8,0,0,0,0,0,0,0,0,0,0,0,0,0,0,0,0,0,0,0,0,1,0,0,0,0,0,0,0,0,0,0,0,0,0,2673055,1490832
69,East Carolina 2019,98.8,105.2,46.1,51.0,19.0,19.5,28.2,31.0,35.6,41.8,47.7,52.0,28.4,32.9,69.9,0,0,0,0,0,1,0,0,0,0,0,0,0,0,0,0,0,0,0,0,0,0,0,0,0,0,0,0,0,0,0,0,0,0,4064868,845730
70,Western Michigan 2019,98.3,105.0,48.0,52.1,21.7,15.2,29.7,27.6,36.7,29.9,49.4,50.1,30.5,36.9,70.5,0,0,0,0,0,0,0,0,0,0,0,0,0,0,0,0,0,1,0,0,0,0,0,0,0,0,0,0,0,0,0,0,0,0,2243842,975552
71,Middle Tennessee 2019,96.8,103.8,46.7,50.8,22.8,17.5,32.3,28.1,29.6,34.2,45.7,50.5,32.3,34.1,69.1,0,0,0,0,0,0,0,0,0,0,0,0,0,1,0,0,0,0,0,0,0,0,0,0,0,0,0,0,0,0,0,0,0,0,3229351,3229351
72,UTEP 2019,89.0,100.1,45.7,49.4,22.8,19.0,26.7,26.7,34.7,32.9,44.3,46.6,32.0,36.2,69.3,0,0,0,0,0,0,0,0,0,0,0,0,0,1,0,0,0,0,0,0,0,0,0,0,0,0,0,0,0,0,0,0,0,0,4172166,4964771
73,Wyoming 2019,94.2,106.6,49.1,51.7,19.9,17.4,15.9,28.8,39.1,34.4,47.1,51.6,34.5,34.6,69.9,0,0,0,0,0,0,0,0,0,0,0,0,0,0,0,0,0,0,0,0,1,0,0,0,0,0,0,0,0,0,0,0,0,0,3329649,3134136
74,Charlotte 2019,95.0,107.7,48.1,51.3,22.0,17.9,22.3,26.4,36.3,32.6,49.2,49.9,31.1,35.5,65.9,0,0,0,0,0,0,0,0,0,0,0,0,0,1,0,0,0,0,0,0,0,0,0,0,0,0,0,0,0,0,0,0,0,0,3479606,2597320
75,Kansas 2022,119.8,91.3,53.8,,17.3,18.1,32.9,28.6,32.3,27.7,53.6,46.4,36.1,29.8,69.1,1,0,0,0,0,0,0,1,0,0,0,0,0,0,0,0,0,0,0,0,0,0,0,0,0,0,0,0,0,0,0,0,0,0,15508894,17126971
76,Arizona 2022,118.0,93.7,55.6,,18.3,17.4,34.7,28.6,34.9,24.0,57.0,41.8,35.3,32.8,72.3,1,0,0,0,0,0,0,0,0,0,0,0,0,0,0,0,0,0,0,0,0,0,0,1,0,0,0,0,0,0,0,0,0,0,12527047,26554482
77,Kentucky 2022,119.4,95.4,53.1,,16.7,17.5,37.7,24.9,28.0,25.4,53.5,47.3,34.7,30.8,67.8,1,0,0,0,0,0,0,0,0,0,0,0,0,0,0,0,0,0,0,0,0,0,0,0,0,0,0,1,0,0,0,0,0,0,22116208,31256132
78,Auburn 2022,111.7,90.0,49.9,,16.7,20.0,33.7,28.9,31.6,34.2,51.3,42.8,31.8,31.0,70.0,1,0,0,0,0,0,0,0,0,0,0,0,0,0,0,0,0,0,0,0,0,0,0,0,0,0,0,1,0,0,0,0,0,0,13813576,17007845
79,Texas Tech 2022,110.5,85.4,52.6,,19.8,23.2,33.2,25.8,35.1,31.9,54.9,44.5,32.1,31.5,66.3,1,0,0,0,0,0,0,1,0,0,0,0,0,0,0,0,0,0,0,0,0,0,0,0,0,0,0,0,0,0,0,0,0,0,12126476,15590989
80,Tennessee 2022,111.3,87.1,50.7,,17.7,22.9,32.4,27.2,29.0,31.5,48.5,46.0,35.9,31.3,67.4,1,0,0,0,0,0,0,0,0,0,0,0,0,0,0,0,0,0,0,0,0,0,0,0,0,0,0,1,0,0,0,0,0,0,14659954,19193970
81,Purdue 2022,121.6,97.5,56.5,,17.5,14.0,35.2,23.8,38.2,21.6,55.8,48.6,38.4,33.2,66.0,1,0,0,0,0,0,1,0,0,0,0,0,0,0,0,0,0,0,0,0,0,0,0,0,0,0,0,0,0,0,0,0,0,0,8821891,18911360
82,Wisconsin 2022,108.7,93.4,47.7,,13.0,17.0,25.9,24.4,32.4,27.2,48.7,49.0,30.7,32.5,66.4,1,0,0,0,0,0,1,0,0,0,0,0,0,0,0,0,0,0,0,0,0,0,0,0,0,0,0,0,0,0,0,0,0,0,8849874,15282022
83,UCLA 2022,115.8,92.2,50.6,,13.2,19.4,31.3,25.3,29.5,28.3,49.5,47.3,35.4,32.1,65.4,1,0,0,0,0,0,0,0,0,0,0,0,0,0,0,0,0,0,0,0,0,0,0,1,0,0,0,0,0,0,0,0,0,0,11934793,12736321
84,Illinois 2022,111.9,93.0,52.5,,18.1,15.5,33.1,26.6,32.0,28.2,51.4,45.2,35.9,31.9,67.1,1,0,0,0,0,0,1,0,0,0,0,0,0,0,0,0,0,0,0,0,0,0,0,0,0,0,0,0,0,0,0,0,0,0,13195872,29764333
85,Arkansas 2022,108.7,90.7,48.6,,16.9,20.5,29.6,25.3,37.2,31.9,50.1,46.8,30.4,32.4,70.6,1,0,0,0,0,0,0,0,0,0,0,0,0,0,0,0,0,0,0,0,0,0,0,0,0,0,0,1,0,0,0,0,0,0,11802170,24004405
86,Houston 2022,116.5,88.5,53.1,,16.9,21.7,37.7,28.0,29.0,34.7,54.5,43.4,33.8,28.8,63.7,1,0,0,0,0,1,0,0,0,0,0,0,0,0,0,0,0,0,0,0,0,0,0,0,0,0,0,0,0,0,0,0,0,0,9764327,2336025
87,Iowa 2022,121.1,97.2,53.3,,13.0,19.2,32.3,30.0,30.0,26.3,52.5,49.9,36.3,32.9,69.8,1,0,0,0,0,0,1,0,0,0,0,0,0,0,0,0,0,0,0,0,0,0,0,0,0,0,0,0,0,0,0,0,0,0,10277054,14601251
88,Connecticut 2022,113.2,95.9,49.6,,17.3,18.0,37.9,27.6,30.5,31.7,48.0,42.6,35.2,35.3,65.0,1,0,0,0,0,0,0,0,1,0,0,0,0,0,0,0,0,0,0,0,0,0,0,0,0,0,0,0,0,0,0,0,0,0,24853063,19331359
89,Texas 2022,112.5,91.5,50.1,,17.8,23.0,31.6,29.8,32.0,39.0,50.5,46.6,33.0,31.8,63.5,1,0,0,0,0,0,0,1,0,0,0,0,0,0,0,0,0,0,0,0,0,0,0,0,0,0,0,0,0,0,0,0,0,0,16176262,23958575
90,LSU 2022,106.3,89.6,49.4,,20.7,25.1,33.8,30.9,33.4,37.8,50.4,47.6,31.6,28.2,68.7,1,0,0,0,0,0,0,0,0,0,0,0,0,0,0,0,0,0,0,0,0,0,0,0,0,0,0,1,0,0,0,0,0,0,9849325,11524430
91,Alabama 2022,115.2,98.3,51.3,,19.8,17.9,35.3,30.5,32.9,34.8,55.9,49.3,30.9,33.8,71.8,1,0,0,0,0,0,0,0,0,0,0,0,0,0,0,0,0,0,0,0,0,0,0,0,0,0,0,1,0,0,0,0,0,0,10900723,19047972
92,North Carolina 2022,114.4,93.5,51.5,,16.4,13.6,31.9,21.6,30.3,21.4,50.1,47.5,35.8,33.7,70.1,1,0,1,0,0,0,0,0,0,0,0,0,0,0,0,0,0,0,0,0,0,0,0,0,0,0,0,0,0,0,0,0,0,0,12445369,32234012
93,Memphis 2022,112.4,92.6,52.3,,22.5,20.4,37.4,30.9,37.8,33.2,51.9,45.5,35.5,32.0,70.0,1,0,0,0,0,1,0,0,0,0,0,0,0,0,0,0,0,0,0,0,0,0,0,0,0,0,0,0,0,0,0,0,0,0,13735824,10602208
94,Virginia Tech 2022,115.6,95.2,55.1,,17.0,18.7,27.8,26.2,24.5,25.6,52.6,49.3,39.2,32.3,63.3,1,0,1,0,0,0,0,0,0,0,0,0,0,0,0,0,0,0,0,0,0,0,0,0,0,0,0,0,0,0,0,0,0,0,9095324,13799621
95,Michigan 2022,113.9,96.2,52.1,,17.3,14.7,31.0,24.0,29.4,25.6,52.7,50.4,33.9,32.4,66.4,1,0,0,0,0,0,1,0,0,0,0,0,0,0,0,0,0,0,0,0,0,0,0,0,0,0,0,0,0,0,0,0,0,0,10733046,21141253
96,Rutgers 2022,106.6,96.3,49.9,,17.3,17.8,29.6,27.0,26.2,28.6,49.4,47.1,33.9,33.9,65.0,1,0,0,0,0,0,1,0,0,0,0,0,0,0,0,0,0,0,0,0,0,0,0,0,0,0,0,0,0,0,0,0,0,0,10544732,4660552
97,Indiana 2022,107.7,91.6,50.6,,17.2,17.6,27.0,25.1,33.5,30.7,50.9,43.9,33.3,33.0,67.2,1,0,0,0,0,0,1,0,0,0,0,0,0,0,0,0,0,0,0,0,0,0,0,0,0,0,0,0,0,0,0,0,0,0,15994596,25955324
98,Wyoming 2022,107.9,97.3,52.3,,17.1,15.7,25.5,24.6,37.1,24.8,54.4,48.4,33.0,30.1,65.8,1,0,0,0,0,0,0,0,0,0,0,0,0,0,0,0,0,0,0,0,1,0,0,0,0,0,0,0,0,0,0,0,0,0,3763184,3194202
99,Akron 2022,105.5,101.7,52.5,,17.7,17.5,29.0,26.4,39.3,26.1,52.2,47.4,35.3,34.8,61.9,1,0,0,0,0,0,0,0,0,0,0,0,0,0,0,0,0,1,0,0,0,0,0,0,0,0,0,0,0,0,0,0,0,0,2607362,371234
100,Oklahoma 2022,110.6,94.1,54.8,,22.0,20.3,25.7,26.2,27.4,26.4,56.7,50.3,34.7,31.8,65.2,0,0,0,0,0,0,0,1,0,0,0,0,0,0,0,0,0,0,0,0,0,0,0,0,0,0,0,0,0,0,0,0,0,0,11376646,13659156
101,Texas A&M 2022,109.2,93.3,49.6,,18.9,23.7,33.5,33.2,35.7,33.3,50.1,47.9,32.4,31.1,66.5,0,0,0,0,0,0,0,0,0,0,0,0,0,0,0,0,0,0,0,0,0,0,0,0,0,0,0,1,0,0,0,0,0,0,13524047,12877528
102,North Texas 2022,104.6,92.3,51.4,,18.7,19.5,31.7,25.1,37.7,32.8,49.7,47.6,35.8,28.8,59.2,0,0,0,0,0,0,0,0,0,0,0,0,0,1,0,0,0,0,0,0,0,0,0,0,0,0,0,0,0,0,0,0,0,0,3511209,610048
103,Florida 2022,109.8,97.0,49.6,,18.5,21.8,31.5,32.5,33.8,30.3,53.1,49.9,30.3,32.2,65.5,0,0,0,0,0,0,0,0,0,0,0,0,0,0,0,0,0,0,0,0,0,0,0,0,0,0,0,1,0,0,0,0,0,0,8815741,12909681
104,West Virginia 2022,108.6,96.1,46.8,,18.2,22.5,30.0,33.6,36.1,34.1,45.7,51.7,32.8,32.4,67.9,0,0,0,0,0,0,0,1,0,0,0,0,0,0,0,0,0,0,0,0,0,0,0,0,0,0,0,0,0,0,0,0,0,0,9966160,15080398
105,Virginia 2022,107.4,95.1,49.7,,16.1,18.3,27.8,28.8,28.1,23.3,50.3,47.9,32.3,33.6,59.3,0,0,1,0,0,0,0,0,0,0,0,0,0,0,0,0,0,0,0,0,0,0,0,0,0,0,0,0,0,0,0,0,0,0,12255419,14625549
106,Old Dominion 2022,99.6,101.9,46.9,,18.4,17.1,32.3,27.3,34.3,29.4,48.1,48.4,29.0,34.2,64.3,0,0,0,0,0,0,0,0,0,0,0,0,0,1,0,0,0,0,0,0,0,0,0,0,0,0,0,0,0,0,0,0,0,0,3403413,1591045
107,Clemson 2022,109.4,98.3,52.4,,16.4,16.9,25.8,24.1,29.8,29.1,51.2,49.4,36.3,33.4,66.4,0,0,1,0,0,0,0,0,0,0,0,0,0,0,0,0,0,0,0,0,0,0,0,0,0,0,0,0,0,0,0,0,0,0,8666004,9361979
108,Oregon 2022,109.6,98.7,51.1,,17.1,19.2,29.9,31.1,29.7,29.1,51.6,50.2,33.5,32.4,67.7,0,0,0,0,0,0,0,0,0,0,0,0,0,0,0,0,0,0,0,0,0,0,0,1,0,0,0,0,0,0,0,0,0,0,10969891,11779409
109,Maryland 2022,108.7,99.4,49.4,,16.8,16.1,27.2,27.6,33.9,24.6,49.7,48.2,32.6,35.5,66.7,0,0,0,0,0,0,1,0,0,0,0,0,0,0,0,0,0,0,0,0,0,0,0,0,0,0,0,0,0,0,0,0,0,0,16352454,13043625
110,Colorado 2022,105.4,96.4,50.4,,19.7,17.5,29.9,24.4,34.7,27.0,48.1,47.2,36.6,33.1,67.3,0,0,0,0,0,0,0,0,0,0,0,0,0,0,0,0,0,0,0,0,0,0,0,1,0,0,0,0,0,0,0,0,0,0,7945015,9449462
111,UNLV 2022,107.0,97.9,49.1,,17.0,17.2,27.1,25.9,30.7,30.8,48.6,48.8,33.2,31.9,66.4,0,0,0,0,0,0,0,0,0,0,0,0,0,0,0,0,0,0,0,0,1,0,0,0,0,0,0,0,0,0,0,0,0,0,5088663,8591089
112,Cincinnati 2022,104.4,96.9,46.9,,15.2,17.9,30.1,29.6,29.6,34.5,46.7,44.2,31.4,31.2,67.7,0,0,0,0,0,1,0,0,0,0,0,0,0,0,0,0,0,0,0,0,0,0,0,0,0,0,0,0,0,0,0,0,0,0,6619359,4491771
113,Middle Tennessee 2022,105.8,98.2,51.4,,18.9,20.3,30.0,29.2,34.2,36.5,52.7,47.6,33.1,31.0,67.1,0,0,0,0,0,0,0,0,0,0,0,0,0,1,0,0,0,0,0,0,0,0,0,0,0,0,0,0,0,0,0,0,0,0,3269442,3269442
114,UCF 2022,106.3,98.7,49.9,,19.1,20.7,30.8,30.8,28.5,29.8,47.9,50.0,35.0,31.2,67.5,0,0,0,0,0,1,0,0,0,0,0,0,0,0,0,0,0,0,0,0,0,0,0,0,0,0,0,0,0,0,0,0,0,0,4872801,6008970
115,Toledo 2022,109.2,101.8,53.0,,14.7,15.3,30.4,27.4,28.0,22.9,53.1,47.6,35.2,31.2,68.9,0,0,0,0,0,0,0,0,0,0,0,0,0,0,0,0,0,1,0,0,0,0,0,0,0,0,0,0,0,0,0,0,0,0,2823819,750996
116,Louisiana Tech 2022,104.4,97.7,51.9,,16.9,19.3,26.1,28.1,31.1,28.1,52.5,47.4,34.0,33.0,68.4,0,0,0,0,0,0,0,0,0,0,0,0,0,1,0,0,0,0,0,0,0,0,0,0,0,0,0,0,0,0,0,0,0,0,2624542,2698974
117,South Carolina 2022,100.1,94.2,47.3,,21.4,21.5,33.6,32.1,29.2,41.6,47.4,46.9,31.3,32.0,70.6,0,0,0,0,0,0,0,0,0,0,0,0,0,0,0,0,0,0,0,0,0,0,0,0,0,0,0,1,0,0,0,0,0,0,11792522,12604227
118,Washington 2022,104.4,98.4,46.4,,16.7,22.1,29.3,35.6,34.7,30.1,46.2,49.8,31.2,33.5,69.6,0,0,0,0,0,0,0,0,0,0,0,0,0,0,0,0,0,0,0,0,0,0,0,1,0,0,0,0,0,0,0,0,0,0,10529645,12208056
119,Minnesota 2022,106.1,100.8,50.7,,14.0,15.8,17.7,27.5,23.6,23.3,48.0,51.6,36.8,33.7,65.1,0,0,0,0,0,0,1,0,0,0,0,0,0,0,0,0,0,0,0,0,0,0,0,0,0,0,0,0,0,0,0,0,0,0,8113503,17667197
120,Nebraska 2022,106.5,101.4,50.3,,17.1,18.3,20.6,31.4,33.3,29.4,51.8,51.2,32.0,34.7,71.4,0,0,0,0,0,0,1,0,0,0,0,0,0,0,0,0,0,0,0,0,0,0,0,0,0,0,0,0,0,0,0,0,0,0,10715451,17052987
121,Louisville 2022,103.0,98.3,48.8,,18.0,16.3,27.3,24.9,25.1,30.0,50.5,49.1,30.9,34.9,67.3,0,0,1,0,0,0,0,0,0,0,0,0,0,0,0,0,0,0,0,0,0,0,0,0,0,0,0,0,0,0,0,0,0,0,21853485,35444073
122,Utah 2022,106.6,102.2,48.4,,18.1,15.2,29.3,29.2,30.0,28.6,47.3,49.4,33.5,32.9,66.4,0,0,0,0,0,0,0,0,0,0,0,0,0,0,0,0,0,0,0,0,0,0,0,1,0,0,0,0,0,0,0,0,0,0,10514959,11928174
123,Nevada 2022,105.8,101.7,50.6,,18.4,18.3,24.5,26.1,32.0,29.7,51.3,51.2,33.0,35.9,70.3,0,0,0,0,0,0,0,0,0,0,0,0,0,0,0,0,0,0,0,0,1,0,0,0,0,0,0,0,0,0,0,0,0,0,4978557,6485159
124,Western Kentucky 2022,105.5,101.5,52.8,,17.6,19.9,25.1,30.4,31.3,16.5,52.1,48.6,35.9,35.6,68.7,0,0,0,0,0,0,0,0,0,0,0,0,0,1,0,0,0,0,0,0,0,0,0,0,0,0,0,0,0,0,0,0,0,0,3309744,3309744
125,California 2022,100.0,97.2,46.9,,17.1,14.7,25.5,23.4,25.3,31.5,47.2,48.1,30.8,30.9,64.1,0,0,0,0,0,0,0,0,0,0,0,0,0,0,0,0,0,0,0,0,0,0,0,1,0,0,0,0,0,0,0,0,0,0,7532218,8487064
126,Georgia Tech 2022,100.5,97.8,49.6,,18.9,18.8,25.0,28.1,25.0,31.5,48.6,51.4,34.4,32.1,68.1,0,0,1,0,0,0,0,0,0,0,0,0,0,0,0,0,0,0,0,0,0,0,0,0,0,0,0,0,0,0,0,0,0,0,8210052,12607130
127,Buffalo 2022,105.7,103.7,51.6,,18.6,15.8,37.0,27.9,25.6,29.4,51.6,48.3,34.4,31.9,71.1,0,0,0,0,0,0,0,0,0,0,0,0,0,0,0,0,0,1,0,0,0,0,0,0,0,0,0,0,0,0,0,0,0,0,3024889,3024890
128,Ohio 2022,102.6,100.8,50.6,,15.4,20.4,27.1,26.0,31.5,28.0,50.8,51.9,33.7,31.2,67.4,0,0,0,0,0,0,0,0,0,0,0,0,0,0,0,0,0,1,0,0,0,0,0,0,0,0,0,0,0,0,0,0,0,0,3689470,3049877
129,Missouri 2022,102.1,100.8,47.1,,21.6,17.9,31.4,29.7,29.9,35.6,49.4,49.7,28.1,35.1,65.7,0,0,0,0,0,0,0,0,0,0,0,0,0,0,0,0,0,0,0,0,0,0,0,0,0,0,0,1,0,0,0,0,0,0,10286792,12245894
130,New Mexico 2022,105.4,104.3,49.4,,16.1,18.0,24.0,29.1,32.8,35.6,48.1,53.5,34.4,32.9,71.2,0,0,0,0,0,0,0,0,0,0,0,0,0,0,0,0,0,0,0,0,1,0,0,0,0,0,0,0,0,0,0,0,0,0,4348500,3160407
131,UTEP 2022,100.8,99.8,49.2,,16.7,20.5,22.6,29.5,27.8,37.2,47.4,50.0,34.7,33.2,66.5,0,0,0,0,0,0,0,0,0,0,0,0,0,1,0,0,0,0,0,0,0,0,0,0,0,0,0,0,0,0,0,0,0,0,4675434,4442044
132,Coastal Carolina 2022,101.1,100.6,49.9,,20.3,17.3,32.7,28.7,31.1,25.5,48.3,47.8,35.1,30.0,66.6,0,0,0,0,0,0,0,0,0,0,0,0,0,0,0,0,0,0,0,0,0,0,0,0,0,1,0,0,0,0,0,0,0,0,2841498,2841498
133,South Alabama 2022,101.7,101.2,52.0,,19.3,20.8,26.9,31.3,30.6,30.7,52.3,46.8,34.2,32.5,66.5,0,0,0,0,0,0,0,0,0,0,0,0,0,0,0,0,0,0,0,0,0,0,0,0,0,1,0,0,0,0,0,0,0,0,2667675,2784773
134,East Carolina 2022,101.8,101.7,47.1,,18.7,18.5,27.6,28.5,33.5,31.0,45.3,48.8,33.3,35.3,67.8,0,0,0,0,0,1,0,0,0,0,0,0,0,0,0,0,0,0,0,0,0,0,0,0,0,0,0,0,0,0,0,0,0,0,4364751,651293
135,Hawaii 2022,100.3,101.0,50.4,,19.7,15.9,29.0,25.1,32.5,31.7,49.5,47.2,34.6,30.9,65.1,0,0,0,0,0,0,0,0,0,0,0,1,0,0,0,0,0,0,0,0,0,0,0,0,0,0,0,0,0,0,0,0,0,0,2614834,1471713
136,Charlotte 2022,104.7,106.4,52.9,,17.2,16.9,22.7,25.6,28.0,26.5,53.6,51.7,34.5,36.2,65.4,0,0,0,0,0,0,0,0,0,0,0,0,0,1,0,0,0,0,0,0,0,0,0,0,0,0,0,0,0,0,0,0,0,0,3595246,3144530
137,Massachusetts 2022,110.9,112.8,51.3,,16.6,18.0,29.3,29.7,32.8,29.3,48.0,54.7,37.1,37.4,69.1,0,1,0,0,0,0,0,0,0,0,0,0,0,0,0,0,0,0,0,0,0,0,0,0,0,0,0,0,0,0,0,0,0,0,4454120,587017
138,Georgia 2022,107.0,108.8,50.2,,20.7,15.7,25.8,30.1,39.0,24.1,51.3,56.1,32.1,34.9,68.8,0,0,0,0,0,0,0,0,0,0,0,0,0,0,0,0,0,0,0,0,0,0,0,0,0,0,0,1,0,0,0,0,0,0,14127220,12029584
139,Troy 2022,97.3,100.2,47.6,,22.1,20.3,31.6,27.6,34.9,34.5,47.1,47.9,32.3,33.1,67.1,0,0,0,0,0,0,0,0,0,0,0,0,0,0,0,0,0,0,0,0,0,0,0,0,0,1,0,0,0,0,0,0,0,0,2233728,2233728
140,James Madison 2022,102.2,106.3,51.1,,17.7,20.6,25.9,31.5,30.6,27.5,50.9,55.7,34.2,33.7,69.0,0,0,0,0,0,0,0,0,0,0,0,0,1,0,0,0,0,0,0,0,0,0,0,0,0,0,0,0,0,0,0,0,0,0,3544046,480510
141,Marshall 2022,100.3,105.9,49.4,,18.1,17.8,27.3,28.1,24.3,28.3,52.1,51.6,30.1,35.3,72.4,0,0,0,0,0,0,0,0,0,0,0,0,0,1,0,0,0,0,0,0,0,0,0,0,0,0,0,0,0,0,0,0,0,0,3692235,2451277
142,South Florida 2022,90.9,96.1,41.3,,19.1,18.9,29.8,27.0,25.4,33.6,42.8,46.6,25.2,33.8,65.0,0,0,0,0,0,1,0,0,0,0,0,0,0,0,0,0,0,0,0,0,0,0,0,0,0,0,0,0,0,0,0,0,0,0,4930058,1696210
143,Georgia Southern 2022,95.9,102.4,47.8,,21.1,18.9,27.7,31.0,31.6,35.5,50.1,47.3,29.2,33.0,66.0,0,0,0,0,0,0,0,0,0,0,0,0,0,0,0,0,0,0,0,0,0,0,0,0,0,1,0,0,0,0,0,0,0,0,1702444,549928
144,Bowling Green 2022,102.7,111.9,48.6,,16.5,17.3,29.9,30.7,31.9,30.8,48.0,53.1,33.1,36.0,72.7,0,0,0,0,0,0,0,0,0,0,0,0,0,0,0,0,0,1,0,0,0,0,0,0,0,0,0,0,0,0,0,0,0,0,2432149,1148957
145,FIU 2022,96.8,105.9,49.9,,20.1,18.5,27.0,29.8,24.6,31.4,49.0,50.2,34.0,33.4,66.7,0,0,0,0,0,0,0,0,0,0,0,0,0,1,0,0,0,0,0,0,0,0,0,0,0,0,0,0,0,0,0,0,0,0,2521717,480281
146,Northern Illinois 2022,92.4,103.5,47.2,,19.9,19.7,24.3,29.4,33.0,40.7,47.0,51.8,31.7,32.3,67.0,0,0,0,0,0,0,0,0,0,0,0,0,0,0,0,0,0,1,0,0,0,0,0,0,0,0,0,0,0,0,0,0,0,0,1814822,589140
147,Eastern Michigan 2022,94.5,106.6,48.2,,19.2,16.9,23.3,28.4,29.8,29.3,49.3,50.6,30.7,35.6,69.5,0,0,0,0,0,0,0,0,0,0,0,0,0,0,0,0,0,1,0,0,0,0,0,0,0,0,0,0,0,0,0,0,0,0,2145835,2145834
148,Western Michigan 2022,97.4,110.2,49.3,,20.3,15.0,27.2,32.3,24.3,29.8,48.9,55.3,33.2,33.8,64.2,0,0,0,0,0,0,0,0,0,0,0,0,0,0,0,0,0,1,0,0,0,0,0,0,0,0,0,0,0,0,0,0,0,0,1577116,685632
149,UTSA 2022,93.9,106.8,43.6,,17.6,17.0,29.5,25.8,25.4,33.0,43.9,53.0,28.7,37.7,68.7,0,0,0,0,0,0,0,0,0,0,0,0,0,1,0,0,0,0,0,0,0,0,0,0,0,0,0,0,0,0,0,0,0,0,2528050,673633
150,Central Michigan 2022,95.1,109.1,47.8,,19.6,16.6,25.4,31.4,30.5,36.0,45.5,53.6,34.1,34.8,67.6,0,0,0,0,0,0,0,0,0,0,0,0,0,0,0,0,0,1,0,0,0,0,0,0,0,0,0,0,0,0,0,0,0,0,2381833,565407
151,Kansas 2023,113.8,92.3,52.6,47.0,17.5,20.2,28.7,28.7,29.8,31.1,53.0,47.2,34.7,31.0,69.0,1,0,0,0,0,0,0,1,0,0,0,0,0,0,0,0,0,0,0,0,0,0,0,0,0,0,0,0,0,0,0,0,0,0,15273974,18347052
152,Purdue 2023,117.9,93.7,51.8,47.2,17.2,15.4,38.4,23.5,37.2,19.2,54.1,47.2,32.2,31.3,63.9,1,0,0,0,0,0,1,0,0,0,0,0,0,0,0,0,0,0,0,0,0,0,0,0,0,0,0,0,0,0,0,0,0,0,10494940,16311833
153,Alabama 2023,116.1,89.0,52.1,41.3,18.7,15.8,34.2,27.9,36.6,32.6,53.8,40.8,33.5,28.3,72.6,1,0,0,0,0,0,0,0,0,0,0,0,0,0,0,0,0,0,0,0,0,0,0,0,0,0,0,1,0,0,0,0,0,0,12834919,20592916
154,Texas 2023,116.1,91.8,53.3,48.1,16.3,22.1,28.3,29.0,30.5,33.7,54.0,47.9,34.7,32.4,68.5,1,0,0,0,0,0,0,1,0,0,0,0,0,0,0,0,0,0,0,0,0,0,0,0,0,0,0,0,0,0,0,0,0,0,16474367,23011910
155,UCLA 2023,114.9,88.5,51.1,46.8,14.9,23.3,33.0,28.2,27.4,27.5,50.6,46.9,34.9,31.1,66.1,1,0,0,0,0,0,0,0,0,0,0,0,0,0,0,0,0,0,0,0,0,0,0,1,0,0,0,0,0,0,0,0,0,0,13825845,14514248
156,Connecticut 2023,121.5,91.2,53.9,44.4,18.9,18.5,38.5,26.1,30.8,37.8,53.6,44.4,36.3,29.7,66.7,1,0,0,0,0,0,0,0,1,0,0,0,0,0,0,0,0,0,0,0,0,0,0,0,0,0,0,0,0,0,0,0,0,0,13893881,10630760
157,Virginia 2023,110.0,94.0,51.2,48.3,13.6,19.5,25.6,24.9,34.7,26.3,50.4,46.4,35.0,34.1,61.3,1,0,1,0,0,0,0,0,0,0,0,0,0,0,0,0,0,0,0,0,0,0,0,0,0,0,0,0,0,0,0,0,0,0,13735841,18199143
158,Tennessee 2023,111.2,87.5,49.9,42.8,18.1,22.2,36.4,26.9,30.7,33.8,50.3,45.1,32.8,26.5,65.1,1,0,0,0,0,0,0,0,0,0,0,0,0,0,0,0,0,0,0,0,0,0,0,0,0,0,0,1,0,0,0,0,0,0,16409872,21866636
159,Kentucky 2023,115.7,97.7,50.6,48.6,17.4,16.6,39.2,25.0,31.9,29.9,50.0,48.6,34.7,32.4,65.8,1,0,0,0,0,0,0,0,0,0,0,0,0,0,0,0,0,0,0,0,0,0,0,0,0,0,0,1,0,0,0,0,0,0,23607655,32117351
160,Missouri 2023,117.5,104.5,55.0,52.3,15.8,24.0,26.3,37.2,29.1,34.2,55.8,52.2,36.0,35.0,68.9,1,0,0,0,0,0,0,0,0,0,0,0,0,0,0,0,0,0,0,0,0,0,0,0,0,0,0,1,0,0,0,0,0,0,14881556,14852292
161,Maryland 2023,112.6,95.8,50.8,47.7,16.5,18.4,30.0,28.1,34.3,28.4,51.8,47.4,32.8,32.3,64.3,1,0,0,0,0,0,1,0,0,0,0,0,0,0,0,0,0,0,0,0,0,0,0,0,0,0,0,0,0,0,0,0,0,0,12021302,15049597
162,Iowa 2023,119.9,103.9,51.7,53.3,14.0,18.2,32.1,27.4,32.3,23.8,52.1,52.5,34.0,36.6,69.6,1,0,0,0,0,0,1,0,0,0,0,0,0,0,0,0,0,0,0,0,0,0,0,0,0,0,0,0,0,0,0,0,0,0,10693231,14984166
163,Arkansas 2023,111.9,93.3,50.9,47.2,18.1,20.5,30.8,27.9,39.3,39.5,52.5,47.4,31.3,31.1,69.5,1,0,0,0,0,0,0,0,0,0,0,0,0,0,0,0,0,0,0,0,0,0,0,0,0,0,0,1,0,0,0,0,0,0,13804715,19341299
164,Auburn 2023,113.1,94.9,49.5,45.7,17.7,18.9,32.8,32.4,36.3,38.9,50.7,47.0,31.5,28.8,67.6,1,0,0,0,0,0,0,0,0,0,0,0,0,0,0,0,0,0,0,0,0,0,0,0,0,0,0,1,0,0,0,0,0,0,14997000,19199984
165,West Virginia 2023,117.2,97.5,51.5,50.9,18.5,20.9,34.0,29.3,39.4,38.7,50.9,50.8,35.0,34.0,68.4,1,0,0,0,0,0,0,1,0,0,0,0,0,0,0,0,0,0,0,0,0,0,0,0,0,0,0,0,0,0,0,0,0,0,11474024,15739137
166,Illinois 2023,108.9,95.4,51.4,46.7,18.4,18.5,31.6,26.7,34.3,30.1,55.1,45.1,30.8,33.4,69.8,1,0,0,0,0,0,1,0,0,0,0,0,0,0,0,0,0,0,0,0,0,0,0,0,0,0,0,0,0,0,0,0,0,0,14221092,28194288
167,California 2023,95.8,103.6,43.7,51.6,20.1,16.0,25.3,30.4,31.5,32.6,43.2,52.5,29.8,33.4,63.3,0,0,0,0,0,0,0,0,0,0,0,0,0,0,0,0,0,0,0,0,0,0,0,1,0,0,0,0,0,0,0,0,0,0,9071946,7440568
168,Eastern Michigan 2023,100.4,113.4,49.2,55.6,16.9,17.1,25.1,32.8,32.2,35.0,50.3,58.7,31.4,34.1,69.2,0,0,0,0,0,0,0,0,0,0,0,0,0,0,0,0,0,1,0,0,0,0,0,0,0,0,0,0,0,0,0,0,0,0,2312255,2312256
169,Western Michigan 2023,100.5,116.0,48.8,54.8,19.1,14.4,33.0,27.6,27.8,33.1,49.3,54.4,32.1,37.0,65.5,0,0,0,0,0,0,0,0,0,0,0,0,0,0,0,0,0,1,0,0,0,0,0,0,0,0,0,0,0,0,0,0,0,0,2159786,681680
170,Wyoming 2023,106.7,105.3,51.6,53.4,18.2,16.4,24.2,25.3,33.4,28.9,51.3,52.6,34.7,36.4,65.5,0,0,0,0,0,0,0,0,0,0,0,0,0,0,0,0,0,0,0,0,1,0,0,0,0,0,0,0,0,0,0,0,0,0,4097389,3485286
171,Minnesota 2023,102.3,104.9,49.0,50.5,19.6,14.8,25.0,30.8,30.8,24.8,49.2,49.1,32.5,35.9,65.6,0,0,0,0,0,0,1,0,0,0,0,0,0,0,0,0,0,0,0,0,0,0,0,0,0,0,0,0,0,0,0,0,0,0,8615354,17411807
172,Central Michigan 2023,92.0,108.1,46.5,51.9,22.9,19.2,30.5,32.5,36.9,41.0,47.4,50.9,30.0,35.6,67.2,0,0,0,0,0,0,0,0,0,0,0,0,0,0,0,0,0,1,0,0,0,0,0,0,0,0,0,0,0,0,0,0,0,0,2409266,738830
173,UTSA 2023,102.1,109.5,47.4,52.5,19.5,15.4,28.5,31.2,37.4,30.6,45.3,51.9,33.8,35.6,69.0,0,0,0,0,0,0,0,0,0,0,0,0,0,1,0,0,0,0,0,0,0,0,0,0,0,0,0,0,0,0,0,0,0,0,2681468,397272
174,Bowling Green 2023,102.3,111.7,50.5,54.1,17.5,16.3,29.8,28.0,32.5,33.6,50.4,53.8,33.8,36.4,69.5,0,0,0,0,0,0,0,0,0,0,0,0,0,0,0,0,0,1,0,0,0,0,0,0,0,0,0,0,0,0,0,0,0,0,3238403,1068288
175,Coastal Carolina 2023,103.2,114.0,47.5,53.1,17.8,15.5,30.3,30.7,28.9,29.3,48.4,51.3,30.6,36.7,67.9,0,0,0,0,0,0,0,0,0,0,0,0,0,0,0,0,0,0,0,0,0,0,0,0,0,1,0,0,0,0,0,0,0,0,2637049,2637049
176,South Carolina 2023,102.9,106.2,46.9,52.6,19.9,15.9,32.7,32.5,26.8,29.4,45.8,53.7,32.3,33.8,64.2,0,0,0,0,0,0,0,0,0,0,0,0,0,0,0,0,0,0,0,0,0,0,0,0,0,0,0,1,0,0,0,0,0,0,7953678,11564623
177,Northern Illinois 2023,99.7,106.0,52.2,50.7,20.3,18.6,25.0,32.8,34.3,35.8,52.1,51.7,34.9,32.7,68.9,0,0,0,0,0,0,0,0,0,0,0,0,0,0,0,0,0,1,0,0,0,0,0,0,0,0,0,0,0,0,0,0,0,0,1797672,517765
178,South Florida 2023,105.2,103.0,50.8,49.8,19.6,18.7,33.0,27.8,30.7,37.1,51.0,48.2,33.6,34.9,68.2,0,0,0,0,0,1,0,0,0,0,0,0,0,0,0,0,0,0,0,0,0,0,0,0,0,0,0,0,0,0,0,0,0,0,6307463,2513113
179,UTEP 2023,99.7,99.3,48.6,51.1,22.9,22.9,33.3,29.7,38.8,37.3,50.7,51.8,29.1,33.2,66.7,0,0,0,0,0,0,0,0,0,0,0,0,0,1,0,0,0,0,0,0,0,0,0,0,0,0,0,0,0,0,0,0,0,0,4697654,4566206
180,FIU 2023,102.8,104.9,52.1,52.1,20.6,22.8,25.5,36.7,28.7,30.6,53.8,50.4,32.8,36.5,69.9,0,0,0,0,0,0,0,0,0,0,0,0,0,1,0,0,0,0,0,0,0,0,0,0,0,0,0,0,0,0,0,0,0,0,2789919,389658
181,LSU 2023,105.9,104.2,47.3,51.8,18.4,17.5,31.7,28.8,33.7,30.3,46.2,52.1,32.7,34.3,65.8,0,0,0,0,0,0,0,0,0,0,0,0,0,0,0,0,0,0,0,0,0,0,0,0,0,0,0,1,0,0,0,0,0,0,10687801,12031865
182,Massachusetts 2023,99.3,102.7,46.4,50.2,20.2,19.2,34.5,27.9,32.2,32.4,45.2,50.5,32.8,33.1,70.5,0,1,0,0,0,0,0,0,0,0,0,0,0,0,0,0,0,0,0,0,0,0,0,0,0,0,0,0,0,0,0,0,0,0,5830346,734484
183,Oklahoma 2023,109.6,96.3,52.4,48.0,20.0,15.5,23.7,27.2,30.1,30.1,52.2,48.5,35.1,31.2,65.0,0,0,0,0,0,0,0,1,0,0,0,0,0,0,0,0,0,0,0,0,0,0,0,0,0,0,0,0,0,0,0,0,0,0,11881117,14556815
184,Buffalo 2023,103.1,104.8,49.5,52.5,19.2,18.3,32.2,29.1,32.1,36.4,50.9,52.3,31.2,35.3,72.2,0,0,0,0,0,0,0,0,0,0,0,0,0,0,0,0,0,1,0,0,0,0,0,0,0,0,0,0,0,0,0,0,0,0,5182514,5182514
185,Georgia Tech 2023,104.7,102.2,48.5,50.1,15.6,15.9,27.5,29.9,23.5,30.8,47.4,52.0,33.4,31.0,66.5,0,0,1,0,0,0,0,0,0,0,0,0,0,0,0,0,0,0,0,0,0,0,0,0,0,0,0,0,0,0,0,0,0,0,8862984,14941896
186,Texas Tech 2023,110.7,97.4,52.3,48.9,19.9,19.9,32.1,30.1,34.8,28.4,52.6,49.1,34.5,32.4,67.3,0,0,0,0,0,0,0,1,0,0,0,0,0,0,0,0,0,0,0,0,0,0,0,0,0,0,0,0,0,0,0,0,0,0,17081671,15506818
187,Nebraska 2023,106.0,98.4,51.7,49.9,18.6,17.7,24.7,28.3,28.2,21.9,53.4,49.0,32.6,34.1,66.8,0,0,0,0,0,0,1,0,0,0,0,0,0,0,0,0,0,0,0,0,0,0,0,0,0,0,0,0,0,0,0,0,0,0,10407549,17500617
188,Washington 2023,103.9,98.3,48.8,47.1,19.9,18.4,26.4,34.6,31.7,25.4,50.0,48.6,31.3,29.7,69.1,0,0,0,0,0,0,0,0,0,0,0,0,0,0,0,0,0,0,0,0,0,0,0,1,0,0,0,0,0,0,0,0,0,0,10603549,11513204
189,Georgia 2023,103.3,102.6,47.1,49.8,19.3,16.8,30.5,30.5,40.5,28.9,46.8,51.0,31.7,31.9,67.6,0,0,0,0,0,0,0,0,0,0,0,0,0,0,0,0,0,0,0,0,0,0,0,0,0,0,0,1,0,0,0,0,0,0,10306498,13116828
190,Utah 2023,106.7,95.0,48.9,45.0,18.0,15.2,31.3,27.4,29.2,24.4,48.4,44.9,33.3,30.2,66.0,0,0,0,0,0,0,0,0,0,0,0,0,0,0,0,0,0,0,0,0,0,0,0,1,0,0,0,0,0,0,0,0,0,0,12773319,16566192
191,Western Kentucky 2023,103.2,104.0,49.6,50.7,17.1,18.0,25.9,31.0,32.3,25.6,48.5,48.0,34.4,36.2,67.3,0,0,0,0,0,0,0,0,0,0,0,0,0,1,0,0,0,0,0,0,0,0,0,0,0,0,0,0,0,0,0,0,0,0,2972035,2972036
192,Georgia Southern 2023,99.5,101.1,48.2,49.5,16.3,18.3,25.8,27.3,27.9,34.6,48.4,49.4,31.8,33.2,66.5,0,0,0,0,0,0,0,0,0,0,0,0,0,0,0,0,0,0,0,0,0,0,0,0,0,1,0,0,0,0,0,0,0,0,1961404,586415
193,Michigan 2023,111.7,97.1,51.6,47.9,15.2,14.4,25.7,25.8,30.8,25.8,51.0,48.0,35.1,31.7,67.5,0,0,0,0,0,0,1,0,0,0,0,0,0,0,0,0,0,0,0,0,0,0,0,0,0,0,0,0,0,0,0,0,0,0,12098266,20902365
194,Colorado 2023,106.5,95.1,49.0,48.0,19.0,19.3,30.8,25.1,29.9,31.4,49.4,47.9,32.2,32.1,69.0,0,0,0,0,0,0,0,0,0,0,0,0,0,0,0,0,0,0,0,0,0,0,0,1,0,0,0,0,0,0,0,0,0,0,8200758,9459879
195,UNLV 2023,106.4,99.0,49.2,52.4,17.5,24.7,27.9,31.0,35.5,31.0,47.9,50.9,34.1,36.1,69.4,0,0,0,0,0,0,0,0,0,0,0,0,0,0,0,0,0,0,0,0,1,0,0,0,0,0,0,0,0,0,0,0,0,0,5290062,6112443
196,Ohio 2023,109.3,106.8,52.4,51.6,16.2,17.6,32.8,28.9,27.5,33.9,50.1,51.9,37.3,34.1,68.1,0,0,0,0,0,0,0,0,0,0,0,0,0,0,0,0,0,1,0,0,0,0,0,0,0,0,0,0,0,0,0,0,0,0,3825100,2942547
197,Rutgers 2023,105.4,91.0,47.9,46.6,17.1,21.7,32.1,27.9,28.2,27.4,47.9,47.0,32.1,30.7,65.8,0,0,0,0,0,0,1,0,0,0,0,0,0,0,0,0,0,0,0,0,0,0,0,0,0,0,0,0,0,0,0,0,0,0,13595169,5613639
198,Virginia Tech 2023,114.0,102.6,54.0,50.7,14.7,16.3,25.9,27.7,25.9,25.2,54.3,50.5,35.8,34.0,66.6,0,0,1,0,0,0,0,0,0,0,0,0,0,0,0,0,0,0,0,0,0,0,0,0,0,0,0,0,0,0,0,0,0,0,9643863,15174462
199,South Alabama 2023,108.4,99.5,52.8,46.6,14.6,16.1,20.9,28.4,22.3,28.3,53.4,47.9,34.5,29.0,65.5,0,0,0,0,0,0,0,0,0,0,0,0,0,0,0,0,0,0,0,0,0,0,0,0,0,1,0,0,0,0,0,0,0,0,2471660,3013220
200,North Carolina 2023,111.5,96.4,49.2,48.7,15.2,14.9,30.4,23.3,37.0,26.3,50.8,48.4,31.1,33.0,68.8,0,0,1,0,0,0,0,0,0,0,0,0,0,0,0,0,0,0,0,0,0,0,0,0,0,0,0,0,0,0,0,0,0,0,10759921,31740589
201,Wisconsin 2023,106.5,94.0,48.3,50.2,13.4,18.3,22.6,24.9,25.0,27.5,46.3,51.8,34.2,31.6,63.3,0,0,0,0,0,0,1,0,0,0,0,0,0,0,0,0,0,0,0,0,0,0,0,0,0,0,0,0,0,0,0,0,0,0,11522382,18684399
202,Oregon 2023,113.0,97.1,51.1,47.1,18.3,16.4,32.5,26.4,32.0,23.9,53.1,45.1,32.0,33.7,66.4,0,0,0,0,0,0,0,0,0,0,0,0,0,0,0,0,0,0,0,0,0,0,0,1,0,0,0,0,0,0,0,0,0,0,11919466,10271433
203,Akron 2023,108.6,103.0,51.9,49.7,16.6,17.8,29.8,26.5,33.7,28.0,51.5,48.1,35.0,35.0,65.2,0,0,0,0,0,0,0,0,0,0,0,0,0,0,0,0,0,1,0,0,0,0,0,0,0,0,0,0,0,0,0,0,0,0,3350744,398461
204,James Madison 2023,105.4,100.0,51.5,49.4,18.6,21.4,31.3,27.6,38.9,31.8,51.4,50.7,34.5,31.5,70.4,0,0,0,0,0,0,0,0,0,0,0,0,0,0,0,0,0,0,0,0,0,0,0,0,0,1,0,0,0,0,0,0,0,0,3892786,881168
205,Hawaii 2023,100.5,98.1,48.6,44.5,18.6,16.4,29.6,26.5,33.6,27.2,48.2,44.5,32.8,29.5,64.5,0,0,0,0,0,0,0,0,0,0,0,1,0,0,0,0,0,0,0,0,0,0,0,0,0,0,0,0,0,0,0,0,0,0,3103343,2363383
206,Clemson 2023,110.9,97.7,54.1,47.3,16.1,16.4,23.4,24.3,30.5,30.7,53.7,45.6,36.4,33.2,68.0,0,0,1,0,0,0,0,0,0,0,0,0,0,0,0,0,0,0,0,0,0,0,0,0,0,0,0,0,0,0,0,0,0,0,10009004,9926325
207,Cincinnati 2023,111.9,97.5,51.3,47.7,15.2,16.9,30.8,27.4,25.7,29.1,50.6,48.1,34.9,31.2,68.5,0,0,0,0,0,1,0,0,0,0,0,0,0,0,0,0,0,0,0,0,0,0,0,0,0,0,0,0,0,0,0,0,0,0,9014321,4367728
208,Marshall 2023,109.6,100.6,52.6,47.7,15.5,20.1,31.7,32.6,26.2,28.0,53.9,47.7,33.6,31.9,71.9,0,0,0,0,0,0,0,0,0,0,0,0,0,0,0,0,0,0,0,0,0,0,0,0,0,1,0,0,0,0,0,0,0,0,4245766,2652176
209,Toledo 2023,119.9,109.6,56.3,52.9,13.6,18.3,29.8,30.9,34.4,27.5,54.6,52.1,39.7,36.1,69.5,0,0,0,0,0,0,0,0,0,0,0,0,0,0,0,0,0,1,0,0,0,0,0,0,0,0,0,0,0,0,0,0,0,0,3340115,1019675
